month,fuel,energy_gw
2015-01-01,NUCLEAR,8489.15
2015-01-01,GAS,1846.24
2015-01-01,HYDRO,3567.44
2015-01-01,WIND,950.34
2015-01-01,SOLAR,1.15
2015-01-01,BIOFUEL,34.06
2015-02-01,NUCLEAR,7731.11
2015-02-01,GAS,2385.53
2015-02-01,HYDRO,3020.66
2015-02-01,WIND,768.91
2015-02-01,SOLAR,1.49
2015-02-01,BIOFUEL,29.38
2015-03-01,NUCLEAR,8749.34
2015-03-01,GAS,1066.95
2015-03-01,HYDRO,3063.28
2015-03-01,WIND,811.73
2015-03-01,SOLAR,15.17
2015-03-01,BIOFUEL,41.95
2015-04-01,NUCLEAR,7451.97
2015-04-01,GAS,752.23
2015-04-01,HYDRO,2945.79
2015-04-01,WIND,852.2
2015-04-01,SOLAR,22.33
2015-04-01,BIOFUEL,27.66
2015-05-01,NUCLEAR,7433.69
2015-05-01,GAS,757.49
2015-05-01,HYDRO,3336.0
2015-05-01,WIND,628.54
2015-05-01,SOLAR,26.53
2015-05-01,BIOFUEL,38.07
2015-06-01,NUCLEAR,7644.8
2015-06-01,GAS,945.0
2015-06-01,HYDRO,3154.32
2015-06-01,WIND,500.39
2015-06-01,SOLAR,26.38
2015-06-01,BIOFUEL,39.24
2015-07-01,NUCLEAR,8343.58
2015-07-01,GAS,1498.25
2015-07-01,HYDRO,3055.85
2015-07-01,WIND,395.8
2015-07-01,SOLAR,30.47
2015-07-01,BIOFUEL,46.91
2015-08-01,NUCLEAR,8440.35
2015-08-01,GAS,1275.89
2015-08-01,HYDRO,2805.69
2015-08-01,WIND,459.28
2015-08-01,SOLAR,28.87
2015-08-01,BIOFUEL,40.36
2015-09-01,NUCLEAR,6519.71
2015-09-01,GAS,1855.63
2015-09-01,HYDRO,2696.06
2015-09-01,WIND,574.06
2015-09-01,SOLAR,33.12
2015-09-01,BIOFUEL,34.27
2015-10-01,NUCLEAR,5794.57
2015-10-01,GAS,1508.81
2015-10-01,HYDRO,2631.46
2015-10-01,WIND,1083.57
2015-10-01,SOLAR,31.63
2015-10-01,BIOFUEL,25.03
2015-11-01,NUCLEAR,7808.96
2015-11-01,GAS,700.29
2015-11-01,HYDRO,2855.0
2015-11-01,WIND,919.1
2015-11-01,SOLAR,26.17
2015-11-01,BIOFUEL,42.52
2015-12-01,NUCLEAR,7848.6
2015-12-01,GAS,773.82
2015-12-01,HYDRO,3229.92
2015-12-01,WIND,1038.41
2015-12-01,SOLAR,11.09
2015-12-01,BIOFUEL,46.35
2016-01-01,NUCLEAR,8459.11
2016-01-01,GAS,1079.04
2016-01-01,HYDRO,3412.83
2016-01-01,WIND,1197.59
2016-01-01,SOLAR,14.38
2016-01-01,BIOFUEL,37.45
2016-02-01,NUCLEAR,7849.61
2016-02-01,GAS,866.18
2016-02-01,HYDRO,3226.38
2016-02-01,WIND,934.19
2016-02-01,SOLAR,19.12
2016-02-01,BIOFUEL,38.99
2016-03-01,NUCLEAR,7918.91
2016-03-01,GAS,751.0
2016-03-01,HYDRO,3250.77
2016-03-01,WIND,655.62
2016-03-01,SOLAR,36.36
2016-03-01,BIOFUEL,48.49
2016-04-01,NUCLEAR,6911.26
2016-04-01,GAS,666.85
2016-04-01,HYDRO,3197.3
2016-04-01,WIND,605.68
2016-04-01,SOLAR,46.76
2016-04-01,BIOFUEL,34.76
2016-05-01,NUCLEAR,6092.72
2016-05-01,GAS,1018.74
2016-05-01,HYDRO,3388.71
2016-05-01,WIND,603.74
2016-05-01,SOLAR,57.94
2016-05-01,BIOFUEL,45.24
2016-06-01,NUCLEAR,7322.47
2016-06-01,GAS,1020.51
2016-06-01,HYDRO,3085.51
2016-06-01,WIND,584.95
2016-06-01,SOLAR,59.04
2016-06-01,BIOFUEL,28.11
2016-07-01,NUCLEAR,8244.42
2016-07-01,GAS,1577.12
2016-07-01,HYDRO,2801.12
2016-07-01,WIND,524.08
2016-07-01,SOLAR,56.01
2016-07-01,BIOFUEL,44.37
2016-08-01,NUCLEAR,8082.7
2016-08-01,GAS,2121.96
2016-08-01,HYDRO,2708.5
2016-08-01,WIND,504.42
2016-08-01,SOLAR,54.71
2016-08-01,BIOFUEL,61.0
2016-09-01,NUCLEAR,7695.77
2016-09-01,GAS,1091.33
2016-09-01,HYDRO,2582.91
2016-09-01,WIND,568.42
2016-09-01,SOLAR,47.02
2016-09-01,BIOFUEL,38.74
2016-10-01,NUCLEAR,7719.73
2016-10-01,GAS,744.37
2016-10-01,HYDRO,2607.57
2016-10-01,WIND,750.77
2016-10-01,SOLAR,33.82
2016-10-01,BIOFUEL,49.62
2016-11-01,NUCLEAR,7525.33
2016-11-01,GAS,904.63
2016-11-01,HYDRO,2566.48
2016-11-01,WIND,955.57
2016-11-01,SOLAR,28.75
2016-11-01,BIOFUEL,34.74
2016-12-01,NUCLEAR,7879.69
2016-12-01,GAS,918.38
2016-12-01,HYDRO,2891.9
2016-12-01,WIND,1450.4
2016-12-01,SOLAR,12.49
2016-12-01,BIOFUEL,29.92
2017-01-01,NUCLEAR,8387.85
2017-01-01,GAS,554.1
2017-01-01,HYDRO,3231.18
2017-01-01,WIND,1045.2
2017-01-01,SOLAR,17.66
2017-01-01,BIOFUEL,35.26
2017-02-01,NUCLEAR,6809.36
2017-02-01,GAS,415.71
2017-02-01,HYDRO,3008.55
2017-02-01,WIND,1232.15
2017-02-01,SOLAR,31.87
2017-02-01,BIOFUEL,28.74
2017-03-01,NUCLEAR,7351.55
2017-03-01,GAS,502.03
2017-03-01,HYDRO,3304.34
2017-03-01,WIND,1185.13
2017-03-01,SOLAR,52.81
2017-03-01,BIOFUEL,42.79
2017-04-01,NUCLEAR,6868.1
2017-04-01,GAS,198.29
2017-04-01,HYDRO,3275.56
2017-04-01,WIND,698.61
2017-04-01,SOLAR,49.27
2017-04-01,BIOFUEL,33.54
2017-05-01,NUCLEAR,7043.21
2017-05-01,GAS,238.62
2017-05-01,HYDRO,3462.01
2017-05-01,WIND,535.05
2017-05-01,SOLAR,52.45
2017-05-01,BIOFUEL,39.28
2017-06-01,NUCLEAR,7673.82
2017-06-01,GAS,288.03
2017-06-01,HYDRO,3278.38
2017-06-01,WIND,523.75
2017-06-01,SOLAR,58.46
2017-06-01,BIOFUEL,25.26
2017-07-01,NUCLEAR,8330.62
2017-07-01,GAS,512.0
2017-07-01,HYDRO,3130.84
2017-07-01,WIND,377.63
2017-07-01,SOLAR,69.86
2017-07-01,BIOFUEL,44.73
2017-08-01,NUCLEAR,7920.82
2017-08-01,GAS,624.46
2017-08-01,HYDRO,2965.68
2017-08-01,WIND,517.1
2017-08-01,SOLAR,67.76
2017-08-01,BIOFUEL,42.35
2017-09-01,NUCLEAR,7060.23
2017-09-01,GAS,943.02
2017-09-01,HYDRO,2755.23
2017-09-01,WIND,374.1
2017-09-01,SOLAR,64.39
2017-09-01,BIOFUEL,42.73
2017-10-01,NUCLEAR,7498.04
2017-10-01,GAS,259.78
2017-10-01,HYDRO,2761.65
2017-10-01,WIND,785.54
2017-10-01,SOLAR,44.49
2017-10-01,BIOFUEL,35.57
2017-11-01,NUCLEAR,7479.89
2017-11-01,GAS,493.02
2017-11-01,HYDRO,3078.68
2017-11-01,WIND,919.87
2017-11-01,SOLAR,21.13
2017-11-01,BIOFUEL,23.1
2017-12-01,NUCLEAR,8194.81
2017-12-01,GAS,838.4
2017-12-01,HYDRO,3469.19
2017-12-01,WIND,982.12
2017-12-01,SOLAR,12.62
2017-12-01,BIOFUEL,48.79
2018-01-01,NUCLEAR,8011.32
2018-01-01,GAS,1089.46
2018-01-01,HYDRO,3389.13
2018-01-01,WIND,1505.07
2018-01-01,SOLAR,18.78
2018-01-01,BIOFUEL,37.5
2018-02-01,NUCLEAR,6807.43
2018-02-01,GAS,653.27
2018-02-01,HYDRO,2998.13
2018-02-01,WIND,1062.72
2018-02-01,SOLAR,24.06
2018-02-01,BIOFUEL,35.74
2018-03-01,NUCLEAR,7565.24
2018-03-01,GAS,491.51
2018-03-01,HYDRO,2991.24
2018-03-01,WIND,1072.67
2018-03-01,SOLAR,59.68
2018-03-01,BIOFUEL,40.1
2018-04-01,NUCLEAR,6827.01
2018-04-01,GAS,561.3
2018-04-01,HYDRO,2683.95
2018-04-01,WIND,968.1
2018-04-01,SOLAR,57.72
2018-04-01,BIOFUEL,36.18
2018-05-01,NUCLEAR,7138.81
2018-05-01,GAS,392.21
2018-05-01,HYDRO,3400.08
2018-05-01,WIND,594.22
2018-05-01,SOLAR,73.96
2018-05-01,BIOFUEL,33.75
2018-06-01,NUCLEAR,7182.06
2018-06-01,GAS,650.05
2018-06-01,HYDRO,3162.38
2018-06-01,WIND,615.89
2018-06-01,SOLAR,71.3
2018-06-01,BIOFUEL,32.09
2018-07-01,NUCLEAR,8025.8
2018-07-01,GAS,1451.95
2018-07-01,HYDRO,2806.92
2018-07-01,WIND,511.6
2018-07-01,SOLAR,78.4
2018-07-01,BIOFUEL,46.91
2018-08-01,NUCLEAR,7999.54
2018-08-01,GAS,1586.83
2018-08-01,HYDRO,2599.59
2018-08-01,WIND,560.18
2018-08-01,SOLAR,67.39
2018-08-01,BIOFUEL,36.5
2018-09-01,NUCLEAR,7412.09
2018-09-01,GAS,1015.0
2018-09-01,HYDRO,2646.64
2018-09-01,WIND,630.62
2018-09-01,SOLAR,53.56
2018-09-01,BIOFUEL,34.75
2018-10-01,NUCLEAR,7846.76
2018-10-01,GAS,321.47
2018-10-01,HYDRO,3017.93
2018-10-01,WIND,929.76
2018-10-01,SOLAR,33.58
2018-10-01,BIOFUEL,31.01
2018-11-01,NUCLEAR,7521.6
2018-11-01,GAS,631.24
2018-11-01,HYDRO,3183.45
2018-11-01,WIND,1140.51
2018-11-01,SOLAR,17.23
2018-11-01,BIOFUEL,25.02
2018-12-01,NUCLEAR,7811.51
2018-12-01,GAS,725.26
2018-12-01,HYDRO,3329.06
2018-12-01,WIND,1071.01
2018-12-01,SOLAR,14.01
2018-12-01,BIOFUEL,32.04
2019-01-01,NUCLEAR,8057.99
2019-01-01,GAS,941.07
2019-01-01,HYDRO,3422.35
2019-01-01,WIND,1435.37
2019-01-01,SOLAR,24.86
2019-01-01,BIOFUEL,30.93
2019-02-01,NUCLEAR,6320.06
2019-02-01,GAS,1261.45
2019-02-01,HYDRO,3182.15
2019-02-01,WIND,1205.47
2019-02-01,SOLAR,30.39
2019-02-01,BIOFUEL,22.72
2019-03-01,NUCLEAR,6547.15
2019-03-01,GAS,1262.38
2019-03-01,HYDRO,3183.01
2019-03-01,WIND,1269.84
2019-03-01,SOLAR,59.24
2019-03-01,BIOFUEL,33.84
2019-04-01,NUCLEAR,6580.45
2019-04-01,GAS,432.65
2019-04-01,HYDRO,3138.32
2019-04-01,WIND,1065.94
2019-04-01,SOLAR,64.42
2019-04-01,BIOFUEL,29.5
2019-05-01,NUCLEAR,6981.78
2019-05-01,GAS,370.93
2019-05-01,HYDRO,3653.81
2019-05-01,WIND,633.64
2019-05-01,SOLAR,72.41
2019-05-01,BIOFUEL,31.32
2019-06-01,NUCLEAR,8136.4
2019-06-01,GAS,269.15
2019-06-01,HYDRO,3214.07
2019-06-01,WIND,379.75
2019-06-01,SOLAR,78.29
2019-06-01,BIOFUEL,25.61
2019-07-01,NUCLEAR,8485.53
2019-07-01,GAS,1546.23
2019-07-01,HYDRO,2978.11
2019-07-01,WIND,511.46
2019-07-01,SOLAR,91.25
2019-07-01,BIOFUEL,38.88
2019-08-01,NUCLEAR,8527.92
2019-08-01,GAS,940.9
2019-08-01,HYDRO,2509.47
2019-08-01,WIND,507.27
2019-08-01,SOLAR,90.26
2019-08-01,BIOFUEL,38.45
2019-09-01,NUCLEAR,7726.23
2019-09-01,GAS,494.25
2019-09-01,HYDRO,2379.13
2019-09-01,WIND,695.0
2019-09-01,SOLAR,71.19
2019-09-01,BIOFUEL,30.3
2019-10-01,NUCLEAR,7905.17
2019-10-01,GAS,303.53
2019-10-01,HYDRO,2698.93
2019-10-01,WIND,818.39
2019-10-01,SOLAR,47.55
2019-10-01,BIOFUEL,18.0
2019-11-01,NUCLEAR,7149.68
2019-11-01,GAS,870.57
2019-11-01,HYDRO,3001.92
2019-11-01,WIND,1148.5
2019-11-01,SOLAR,27.05
2019-11-01,BIOFUEL,36.06
2019-12-01,NUCLEAR,8031.27
2019-12-01,GAS,820.1
2019-12-01,HYDRO,3041.99
2019-12-01,WIND,1306.29
2019-12-01,SOLAR,19.45
2019-12-01,BIOFUEL,33.98
2020-01-01,NUCLEAR,8402.95
2020-01-01,GAS,898.94
2020-01-01,HYDRO,3251.16
2020-01-01,WIND,1184.09
2020-01-01,SOLAR,19.39
2020-01-01,BIOFUEL,40.62
2020-02-01,NUCLEAR,6974.06
2020-02-01,GAS,811.11
2020-02-01,HYDRO,3164.72
2020-02-01,WIND,1363.44
2020-02-01,SOLAR,42.02
2020-02-01,BIOFUEL,24.74
2020-03-01,NUCLEAR,7446.67
2020-03-01,GAS,596.32
2020-03-01,HYDRO,3190.29
2020-03-01,WIND,1210.63
2020-03-01,SOLAR,61.93
2020-03-01,BIOFUEL,32.86
2020-04-01,NUCLEAR,7060.64
2020-04-01,GAS,262.46
2020-04-01,HYDRO,2993.93
2020-04-01,WIND,960.62
2020-04-01,SOLAR,75.59
2020-04-01,BIOFUEL,27.82
2020-05-01,NUCLEAR,6987.35
2020-05-01,GAS,444.12
2020-05-01,HYDRO,3214.76
2020-05-01,WIND,876.93
2020-05-01,SOLAR,89.1
2020-05-01,BIOFUEL,36.22
2020-06-01,NUCLEAR,7479.39
2020-06-01,GAS,872.73
2020-06-01,HYDRO,3229.94
2020-06-01,WIND,602.6
2020-06-01,SOLAR,98.68
2020-06-01,BIOFUEL,27.53
2020-07-01,NUCLEAR,8556.51
2020-07-01,GAS,1825.38
2020-07-01,HYDRO,3273.62
2020-07-01,WIND,514.14
2020-07-01,SOLAR,94.47
2020-07-01,BIOFUEL,35.37
2020-08-01,NUCLEAR,7712.93
2020-08-01,GAS,1416.85
2020-08-01,HYDRO,2769.44
2020-08-01,WIND,584.31
2020-08-01,SOLAR,88.27
2020-08-01,BIOFUEL,21.56
2020-09-01,NUCLEAR,6647.53
2020-09-01,GAS,672.43
2020-09-01,HYDRO,2628.47
2020-09-01,WIND,889.53
2020-09-01,SOLAR,71.89
2020-09-01,BIOFUEL,30.73
2020-10-01,NUCLEAR,6954.99
2020-10-01,GAS,544.77
2020-10-01,HYDRO,2923.7
2020-10-01,WIND,897.57
2020-10-01,SOLAR,50.63
2020-10-01,BIOFUEL,32.86
2020-11-01,NUCLEAR,6787.41
2020-11-01,GAS,420.88
2020-11-01,HYDRO,3017.09
2020-11-01,WIND,1281.06
2020-11-01,SOLAR,37.62
2020-11-01,BIOFUEL,22.21
2020-12-01,NUCLEAR,6834.55
2020-12-01,GAS,960.4
2020-12-01,HYDRO,3278.12
2020-12-01,WIND,1392.26
2020-12-01,SOLAR,19.79
2020-12-01,BIOFUEL,39.38
2021-01-01,NUCLEAR,7393.17
2021-01-01,GAS,936.65
2021-01-01,HYDRO,3366.27
2021-01-01,WIND,917.66
2021-01-01,SOLAR,25.09
2021-01-01,BIOFUEL,31.78
2021-02-01,NUCLEAR,6089.42
2021-02-01,GAS,1283.39
2021-02-01,HYDRO,3061.57
2021-02-01,WIND,1192.33
2021-02-01,SOLAR,46.83
2021-02-01,BIOFUEL,29.37
2021-03-01,NUCLEAR,6114.7
2021-03-01,GAS,616.1
2021-03-01,HYDRO,3069.34
2021-03-01,WIND,1526.97
2021-03-01,SOLAR,71.18
2021-03-01,BIOFUEL,32.78
2021-04-01,NUCLEAR,6655.23
2021-04-01,GAS,188.63
2021-04-01,HYDRO,2876.26
2021-04-01,WIND,912.06
2021-04-01,SOLAR,76.71
2021-04-01,BIOFUEL,32.95
2021-05-01,NUCLEAR,7063.83
2021-05-01,GAS,331.2
2021-05-01,HYDRO,2895.22
2021-05-01,WIND,735.62
2021-05-01,SOLAR,92.56
2021-05-01,BIOFUEL,28.09
2021-06-01,NUCLEAR,7433.17
2021-06-01,GAS,1194.93
2021-06-01,HYDRO,2466.74
2021-06-01,WIND,849.66
2021-06-01,SOLAR,91.25
2021-06-01,BIOFUEL,28.75
2021-07-01,NUCLEAR,7739.39
2021-07-01,GAS,1028.37
2021-07-01,HYDRO,2881.41
2021-07-01,WIND,600.19
2021-07-01,SOLAR,84.71
2021-07-01,BIOFUEL,35.04
2021-08-01,NUCLEAR,7589.05
2021-08-01,GAS,2332.25
2021-08-01,HYDRO,2701.52
2021-08-01,WIND,521.32
2021-08-01,SOLAR,85.98
2021-08-01,BIOFUEL,37.54
2021-09-01,NUCLEAR,7164.0
2021-09-01,GAS,576.79
2021-09-01,HYDRO,2362.58
2021-09-01,WIND,912.22
2021-09-01,SOLAR,72.79
2021-09-01,BIOFUEL,32.69
2021-10-01,NUCLEAR,6511.06
2021-10-01,GAS,1005.28
2021-10-01,HYDRO,2826.91
2021-10-01,WIND,981.87
2021-10-01,SOLAR,48.99
2021-10-01,BIOFUEL,20.26
2021-11-01,NUCLEAR,6284.05
2021-11-01,GAS,1275.77
2021-11-01,HYDRO,2695.84
2021-11-01,WIND,1322.68
2021-11-01,SOLAR,37.66
2021-11-01,BIOFUEL,48.14
2021-12-01,NUCLEAR,6917.48
2021-12-01,GAS,1413.91
2021-12-01,HYDRO,2990.01
2021-12-01,WIND,1524.54
2021-12-01,SOLAR,18.23
2021-12-01,BIOFUEL,41.2
2022-01-01,NUCLEAR,7635.13
2022-01-01,GAS,2272.09
2022-01-01,HYDRO,3078.23
2022-01-01,WIND,1445.87
2022-01-01,SOLAR,25.21
2022-01-01,BIOFUEL,32.57
2022-02-01,NUCLEAR,6562.85
2022-02-01,GAS,1554.06
2022-02-01,HYDRO,2748.52
2022-02-01,WIND,1510.33
2022-02-01,SOLAR,40.05
2022-02-01,BIOFUEL,30.26
2022-03-01,NUCLEAR,6555.91
2022-03-01,GAS,1223.27
2022-03-01,HYDRO,3097.82
2022-03-01,WIND,1425.25
2022-03-01,SOLAR,59.97
2022-03-01,BIOFUEL,29.39
2022-04-01,NUCLEAR,6550.6
2022-04-01,GAS,373.34
2022-04-01,HYDRO,3215.94
2022-04-01,WIND,1123.87
2022-04-01,SOLAR,75.85
2022-04-01,BIOFUEL,14.09
2022-05-01,NUCLEAR,5878.63
2022-05-01,GAS,682.41
2022-05-01,HYDRO,3834.94
2022-05-01,WIND,951.65
2022-05-01,SOLAR,87.69
2022-05-01,BIOFUEL,17.3
2022-06-01,NUCLEAR,6859.24
2022-06-01,GAS,798.84
2022-06-01,HYDRO,3346.89
2022-06-01,WIND,823.0
2022-06-01,SOLAR,90.94
2022-06-01,BIOFUEL,13.09
2022-07-01,NUCLEAR,7400.09
2022-07-01,GAS,1631.71
2022-07-01,HYDRO,3024.81
2022-07-01,WIND,729.4
2022-07-01,SOLAR,95.92
2022-07-01,BIOFUEL,45.27
2022-08-01,NUCLEAR,7663.58
2022-08-01,GAS,1733.77
2022-08-01,HYDRO,2982.74
2022-08-01,WIND,633.89
2022-08-01,SOLAR,85.6
2022-08-01,BIOFUEL,36.66
2022-09-01,NUCLEAR,6669.0
2022-09-01,GAS,1138.35
2022-09-01,HYDRO,2787.94
2022-09-01,WIND,739.61
2022-09-01,SOLAR,69.67
2022-09-01,BIOFUEL,36.8
2022-10-01,NUCLEAR,5005.64
2022-10-01,GAS,1091.17
2022-10-01,HYDRO,3114.72
2022-10-01,WIND,1326.36
2022-10-01,SOLAR,62.4
2022-10-01,BIOFUEL,11.35
2022-11-01,NUCLEAR,5678.36
2022-11-01,GAS,913.6
2022-11-01,HYDRO,3306.99
2022-11-01,WIND,1505.64
2022-11-01,SOLAR,36.23
2022-11-01,BIOFUEL,17.0
2022-12-01,NUCLEAR,6299.05
2022-12-01,GAS,1796.78
2022-12-01,HYDRO,3497.78
2022-12-01,WIND,1566.27
2022-12-01,SOLAR,19.08
2022-12-01,BIOFUEL,20.81
2023-01-01,NUCLEAR,7287.64
2023-01-01,GAS,1396.79
2023-01-01,HYDRO,3596.95
2023-01-01,WIND,1074.24
2023-01-01,SOLAR,17.49
2023-01-01,BIOFUEL,32.64
2023-02-01,NUCLEAR,6428.02
2023-02-01,GAS,961.79
2023-02-01,HYDRO,3086.89
2023-02-01,WIND,1445.69
2023-02-01,SOLAR,40.9
2023-02-01,BIOFUEL,34.51
2023-03-01,NUCLEAR,6262.34
2023-03-01,GAS,939.92
2023-03-01,HYDRO,3159.64
2023-03-01,WIND,1476.18
2023-03-01,SOLAR,65.59
2023-03-01,BIOFUEL,28.91
2023-04-01,NUCLEAR,6195.72
2023-04-01,GAS,596.74
2023-04-01,HYDRO,3463.79
2023-04-01,WIND,1172.8
2023-04-01,SOLAR,75.42
2023-04-01,BIOFUEL,11.53
2023-05-01,NUCLEAR,6433.5
2023-05-01,GAS,733.66
2023-05-01,HYDRO,3874.14
2023-05-01,WIND,748.59
2023-05-01,SOLAR,101.83
2023-05-01,BIOFUEL,16.91
2023-06-01,NUCLEAR,6342.35
2023-06-01,GAS,2019.68
2023-06-01,HYDRO,2865.68
2023-06-01,WIND,636.74
2023-06-01,SOLAR,86.96
2023-06-01,BIOFUEL,36.43
2023-07-01,NUCLEAR,6763.19
2023-07-01,GAS,2956.05
2023-07-01,HYDRO,2986.16
2023-07-01,WIND,473.23
2023-07-01,SOLAR,86.4
2023-07-01,BIOFUEL,54.05
2023-08-01,NUCLEAR,6977.79
2023-08-01,GAS,2223.94
2023-08-01,HYDRO,2671.82
2023-08-01,WIND,721.13
2023-08-01,SOLAR,82.3
2023-08-01,BIOFUEL,36.12
2023-09-01,NUCLEAR,6513.18
2023-09-01,GAS,1909.82
2023-09-01,HYDRO,2622.75
2023-09-01,WIND,571.34
2023-09-01,SOLAR,78.31
2023-09-01,BIOFUEL,29.93
2023-10-01,NUCLEAR,6577.93
2023-10-01,GAS,1279.77
2023-10-01,HYDRO,2843.28
2023-10-01,WIND,1189.29
2023-10-01,SOLAR,48.04
2023-10-01,BIOFUEL,21.84
2023-11-01,NUCLEAR,6484.62
2023-11-01,GAS,1913.46
2023-11-01,HYDRO,2897.02
2023-11-01,WIND,1505.12
2023-11-01,SOLAR,33.99
2023-11-01,BIOFUEL,17.52
2023-12-01,NUCLEAR,7047.69
2023-12-01,GAS,2161.56
2023-12-01,HYDRO,3301.49
2023-12-01,WIND,1169.19
2023-12-01,SOLAR,19.56
2023-12-01,BIOFUEL,35.38
2024-01-01,NUCLEAR,7379.46
2024-01-01,GAS,2585.74
2024-01-01,HYDRO,3468.99
2024-01-01,WIND,1344.23
2024-01-01,SOLAR,15.49
2024-01-01,BIOFUEL,33.94
2024-02-01,NUCLEAR,6345.49
2024-02-01,GAS,2152.5
2024-02-01,HYDRO,3004.69
2024-02-01,WIND,1271.1
2024-02-01,SOLAR,49.57
2024-02-01,BIOFUEL,35.69
2024-03-01,NUCLEAR,5914.37
2024-03-01,GAS,1871.96
2024-03-01,HYDRO,3186.71
2024-03-01,WIND,1504.1
2024-03-01,SOLAR,63.32
2024-03-01,BIOFUEL,31.53
2024-04-01,NUCLEAR,5120.03
2024-04-01,GAS,1430.47
2024-04-01,HYDRO,3393.93
2024-04-01,WIND,1434.06
2024-04-01,SOLAR,70.12
2024-04-01,BIOFUEL,8.93
2024-05-01,NUCLEAR,5339.88
2024-05-01,GAS,1711.42
2024-05-01,HYDRO,3804.86
2024-05-01,WIND,897.4
2024-05-01,SOLAR,89.58
2024-05-01,BIOFUEL,8.89
2024-06-01,NUCLEAR,6752.5
2024-06-01,GAS,1583.14
2024-06-01,HYDRO,3109.64
2024-06-01,WIND,897.37
2024-06-01,SOLAR,83.35
2024-06-01,BIOFUEL,20.31
2024-07-01,NUCLEAR,7526.97
2024-07-01,GAS,2872.83
2024-07-01,HYDRO,3256.63
2024-07-01,WIND,484.42
2024-07-01,SOLAR,91.14
2024-07-01,BIOFUEL,27.78
2024-08-01,NUCLEAR,7359.6
2024-08-01,GAS,2738.68
2024-08-01,HYDRO,2863.35
2024-08-01,WIND,604.42
2024-08-01,SOLAR,82.23
2024-08-01,BIOFUEL,47.2
2024-09-01,NUCLEAR,7151.17
2024-09-01,GAS,2263.23
2024-09-01,HYDRO,2607.47
2024-09-01,WIND,712.57
2024-09-01,SOLAR,78.57
2024-09-01,BIOFUEL,30.27
2024-10-01,NUCLEAR,6604.64
2024-10-01,GAS,1774.12
2024-10-01,HYDRO,2691.9
2024-10-01,WIND,1243.06
2024-10-01,SOLAR,68.02
2024-10-01,BIOFUEL,36.82
2024-11-01,NUCLEAR,6642.96
2024-11-01,GAS,1456.98
2024-11-01,HYDRO,3206.41
2024-11-01,WIND,1456.28
2024-11-01,SOLAR,34.97
2024-11-01,BIOFUEL,32.96
2024-12-01,NUCLEAR,7817.55
2024-12-01,GAS,2214.45
2024-12-01,HYDRO,3225.23
2024-12-01,WIND,1511.46
2024-12-01,SOLAR,19.72
2024-12-01,BIOFUEL,33.45
2025-01-01,NUCLEAR,7301.85
2025-01-01,GAS,2969.12
2025-01-01,HYDRO,3280.42
2025-01-01,WIND,1822.29
2025-01-01,SOLAR,29.19
2025-01-01,BIOFUEL,41.98
2025-02-01,NUCLEAR,5698.15
2025-02-01,GAS,3375.55
2025-02-01,HYDRO,2994.84
2025-02-01,WIND,1228.34
2025-02-01,SOLAR,24.1
2025-02-01,BIOFUEL,30.6
2025-03-01,NUCLEAR,6645.85
2025-03-01,GAS,1599.3
2025-03-01,HYDRO,3341.63
2025-03-01,WIND,1795.52
2025-03-01,SOLAR,65.38
2025-03-01,BIOFUEL,21.58
2025-04-01,NUCLEAR,6592.14
2025-04-01,GAS,1149.32
2025-04-01,HYDRO,3555.22
2025-04-01,WIND,1271.68
2025-04-01,SOLAR,76.28
2025-04-01,BIOFUEL,13.28
2025-05-01,NUCLEAR,7026.98
2025-05-01,GAS,852.13
2025-05-01,HYDRO,3926.92
2025-05-01,WIND,1018.8
2025-05-01,SOLAR,77.94
2025-05-01,BIOFUEL,24.03
2025-06-01,NUCLEAR,6801.17
2025-06-01,GAS,2071.21
2025-06-01,HYDRO,3518.85
2025-06-01,WIND,901.94
2025-06-01,SOLAR,87.12
2025-06-01,BIOFUEL,28.43
2025-07-01,NUCLEAR,6767.58
2025-07-01,GAS,3631.04
2025-07-01,HYDRO,3656.44
2025-07-01,WIND,558.1
2025-07-01,SOLAR,93.0
2025-07-01,BIOFUEL,44.29
2025-08-01,NUCLEAR,6927.95
2025-08-01,GAS,3275.19
2025-08-01,HYDRO,2864.18
2025-08-01,WIND,637.62
2025-08-01,SOLAR,88.53
2025-08-01,BIOFUEL,45.65
2025-09-01,NUCLEAR,6377.94
2025-09-01,GAS,2843.18
2025-09-01,HYDRO,2392.64
2025-09-01,WIND,509.37
2025-09-01,SOLAR,81.12
2025-09-01,BIOFUEL,30.96
2025-10-01,NUCLEAR,5825.08
2025-10-01,GAS,2985.96
2025-10-01,HYDRO,2388.25
2025-10-01,WIND,1130.62
2025-10-01,SOLAR,68.44
2025-10-01,BIOFUEL,21.58
2025-11-01,NUCLEAR,5598.24
2025-11-01,GAS,2839.98
2025-11-01,HYDRO,2682.7
2025-11-01,WIND,1546.83
2025-11-01,SOLAR,27.05
2025-11-01,BIOFUEL,31.33
2025-12-01,NUCLEAR,6714.25
2025-12-01,GAS,3788.15
2025-12-01,HYDRO,2815.36
2025-12-01,WIND,1709.08
2025-12-01,SOLAR,15.91
2025-12-01,BIOFUEL,23.8
2026-01-01,NUCLEAR,6875.04
2026-01-01,GAS,4020.34
2026-01-01,HYDRO,3059.5
2026-01-01,WIND,1715.0
2026-01-01,SOLAR,17.47
2026-01-01,BIOFUEL,41.86
2026-02-01,NUCLEAR,5713.47
2026-02-01,GAS,3841.8
2026-02-01,HYDRO,2760.87
2026-02-01,WIND,1096.76
2026-02-01,SOLAR,40.01
2026-02-01,BIOFUEL,39.81
2026-03-01,NUCLEAR,7052.06
2026-03-01,GAS,2556.93
2026-03-01,HYDRO,3221.69
2026-03-01,WIND,1512.63
2026-03-01,SOLAR,54.58
2026-03-01,BIOFUEL,48.25
2026-04-01,NUCLEAR,6165.95
2026-04-01,GAS,1772.84
2026-04-01,HYDRO,3623.08
2026-04-01,WIND,1308.11
2026-04-01,SOLAR,65.89
2026-04-01,BIOFUEL,22.37
